{"cameraMode":{"drawMode":0,"name":"Shaded","section":"Shading Mode"},"sceneLighting":false,"audioPlay":false,"sceneViewState":{"showFog":true,"showMaterialUpdate":false,"showSkybox":true,"showFlares":true,"showImageEffects":true,"showParticleSystems":true},"in2DMode":false,"pivot":{"x":26.537151336669923,"y":1.6288365125656129,"z":-3.5865581035614015},"rotation":{"x":-0.28223735094070437,"y":-0.06555922329425812,"z":0.01933678612112999,"w":-0.9569066166877747},"size":23.86997413635254,"orthographic":false}