{"cameraMode":{"drawMode":0,"name":"Shaded","section":"Shading Mode"},"sceneLighting":false,"audioPlay":false,"sceneViewState":{"showFog":true,"showMaterialUpdate":false,"showSkybox":true,"showFlares":true,"showImageEffects":true,"showParticleSystems":true},"in2DMode":false,"pivot":{"x":57.83506774902344,"y":0.05557811260223389,"z":-4.778663635253906},"rotation":{"x":-0.3094880282878876,"y":-0.29507768154144289,"z":0.10167047381401062,"w":-0.898225724697113},"size":8.855103492736817,"orthographic":false}