{"cameraMode":{"drawMode":0,"name":"Shaded","section":"Shading Mode"},"sceneLighting":false,"audioPlay":false,"sceneViewState":{"showFog":true,"showMaterialUpdate":false,"showSkybox":true,"showFlares":true,"showImageEffects":true,"showParticleSystems":true},"in2DMode":false,"pivot":{"x":47.4551887512207,"y":-2.212071657180786,"z":-44.02440643310547},"rotation":{"x":-0.28223735094070437,"y":-0.06555922329425812,"z":0.01933678612112999,"w":-0.9569066166877747},"size":66.22041320800781,"orthographic":false}