{"cameraMode":{"drawMode":0,"name":"Shaded","section":"Shading Mode"},"sceneLighting":false,"audioPlay":false,"sceneViewState":{"showFog":true,"showMaterialUpdate":false,"showSkybox":true,"showFlares":true,"showImageEffects":true,"showParticleSystems":true},"in2DMode":false,"pivot":{"x":18.295059204101564,"y":-1.6332874298095704,"z":-91.67717742919922},"rotation":{"x":-0.28223735094070437,"y":-0.06555922329425812,"z":0.01933678612112999,"w":-0.9569066166877747},"size":103.26472473144531,"orthographic":false}