{"cameraMode":{"drawMode":0,"name":"Shaded","section":"Shading Mode"},"sceneLighting":false,"audioPlay":false,"sceneViewState":{"showFog":true,"showMaterialUpdate":false,"showSkybox":true,"showFlares":true,"showImageEffects":true,"showParticleSystems":true},"in2DMode":false,"pivot":{"x":-0.1572691798210144,"y":0.032694537192583087,"z":-0.7097241282463074},"rotation":{"x":0.49055686593055727,"y":0.26421892642974856,"z":-0.15903252363204957,"w":0.815015971660614},"size":5.3785810470581059,"orthographic":false}