{"cameraMode":{"drawMode":0,"name":"Shaded","section":"Shading Mode"},"sceneLighting":true,"audioPlay":false,"sceneViewState":{"showFog":true,"showMaterialUpdate":false,"showSkybox":true,"showFlares":true,"showImageEffects":true,"showParticleSystems":true},"in2DMode":false,"pivot":{"x":-6.0205888748168949,"y":3.8365049362182619,"z":0.3618006706237793},"rotation":{"x":0.19807298481464387,"y":0.06316952407360077,"z":-0.012792312540113926,"w":0.9780660271644592},"size":8.390128135681153,"orthographic":false}